tema,importer_iso,accessible_market_imports
Alimentos y agroindustria,ARG,199475686.0
Alimentos y agroindustria,BOL,244345718.0
Alimentos y agroindustria,BRA,1393712232.0
Alimentos y agroindustria,CAN,2564303563.0
Alimentos y agroindustria,CHL,810644546.0
Alimentos y agroindustria,COL,931509233.0
Alimentos y agroindustria,CRI,553117349.0
Alimentos y agroindustria,CUB,116990177.0
Alimentos y agroindustria,DOM,1023668530.0
Alimentos y agroindustria,GIN,33098.0
Alimentos y agroindustria,GTM,1011620693.0
Alimentos y agroindustria,HND,542573154.0
Alimentos y agroindustria,HTI,60100801.0
Alimentos y agroindustria,JAM,201523880.0
Alimentos y agroindustria,MEX,3221016540.0
Alimentos y agroindustria,MRT,71983.0
Alimentos y agroindustria,NIC,419222944.0
Alimentos y agroindustria,PAN,486930077.0
Alimentos y agroindustria,PER,732984494.0
Alimentos y agroindustria,PRY,370270108.0
Alimentos y agroindustria,SEN,91762.0
Alimentos y agroindustria,SLV,465092652.0
Alimentos y agroindustria,TTO,202951904.0
Alimentos y agroindustria,URY,128304248.0
Alimentos y agroindustria,USA,27505156502.0
Alimentos y agroindustria,VEN,335641447.0
Construcción y materiales,ARG,230357988.0
Construcción y materiales,BOL,158180287.0
Construcción y materiales,BRA,1600901270.0
Construcción y materiales,CAN,657036269.0
Construcción y materiales,CHL,860457033.0
Construcción y materiales,COL,593666305.0
Construcción y materiales,CRI,300012280.0
Construcción y materiales,CUB,67859461.0
Construcción y materiales,DOM,537951942.0
Construcción y materiales,GTM,459629188.0
Construcción y materiales,HND,408495333.0
Construcción y materiales,HTI,22297697.0
Construcción y materiales,JAM,95743220.0
Construcción y materiales,MEX,4924394894.0
Construcción y materiales,NIC,204853429.0
Construcción y materiales,PAN,267884947.0
Construcción y materiales,PER,828722812.0
Construcción y materiales,PRY,154826125.0
Construcción y materiales,SLV,339683118.0
Construcción y materiales,TTO,138889102.0
Construcción y materiales,URY,63368331.0
Construcción y materiales,USA,4630704995.0
Construcción y materiales,VEN,152496856.0
"Forestal, madera y papel",ARG,11832562.0
"Forestal, madera y papel",BOL,47174108.0
"Forestal, madera y papel",BRA,39880751.0
"Forestal, madera y papel",CAN,424572115.0
"Forestal, madera y papel",CHL,43812245.0
"Forestal, madera y papel",COL,158164744.0
"Forestal, madera y papel",CRI,475072971.0
"Forestal, madera y papel",CUB,6425290.0
"Forestal, madera y papel",DOM,272845552.0
"Forestal, madera y papel",GTM,345440295.0
"Forestal, madera y papel",HND,221299595.0
"Forestal, madera y papel",HTI,42361117.0
"Forestal, madera y papel",JAM,81781321.0
"Forestal, madera y papel",MEX,837418295.0
"Forestal, madera y papel",NIC,159839294.0
"Forestal, madera y papel",PAN,124166032.0
"Forestal, madera y papel",PER,257513885.0
"Forestal, madera y papel",PRY,4882113.0
"Forestal, madera y papel",SLV,190086062.0
"Forestal, madera y papel",TTO,66933992.0
"Forestal, madera y papel",URY,11698901.0
"Forestal, madera y papel",USA,1183286922.0
"Forestal, madera y papel",VEN,106172033.0
Maquinaria y equipo eléctrico,ARG,1530566131.0
Maquinaria y equipo eléctrico,BOL,250399318.0
Maquinaria y equipo eléctrico,BRA,4925148962.0
Maquinaria y equipo eléctrico,CAN,4157255623.0
Maquinaria y equipo eléctrico,CHL,1695513217.0
Maquinaria y equipo eléctrico,COL,1096169759.0
Maquinaria y equipo eléctrico,CRI,468177697.0
Maquinaria y equipo eléctrico,CUB,74837880.0
Maquinaria y equipo eléctrico,DOM,557834875.0
Maquinaria y equipo eléctrico,GTM,591051739.0
Maquinaria y equipo eléctrico,HND,306749465.0
Maquinaria y equipo eléctrico,HTI,14942914.0
Maquinaria y equipo eléctrico,JAM,96696882.0
Maquinaria y equipo eléctrico,MEX,10331348277.0
Maquinaria y equipo eléctrico,NIC,190927844.0
Maquinaria y equipo eléctrico,PAN,264166420.0
Maquinaria y equipo eléctrico,PER,1080465477.0
Maquinaria y equipo eléctrico,PRY,469620333.0
Maquinaria y equipo eléctrico,SLV,256532340.0
Maquinaria y equipo eléctrico,TTO,117820473.0
Maquinaria y equipo eléctrico,URY,288289443.0
Maquinaria y equipo eléctrico,USA,43793188618.0
Maquinaria y equipo eléctrico,VEN,350669351.0
"Química, salud y cuidado personal",ARG,638957615.0
"Química, salud y cuidado personal",BOL,178568088.0
"Química, salud y cuidado personal",BRA,1695536573.0
"Química, salud y cuidado personal",CAN,2470598900.0
"Química, salud y cuidado personal",CHL,1165310764.0
"Química, salud y cuidado personal",COL,1403659735.0
"Química, salud y cuidado personal",CRI,501894502.0
"Química, salud y cuidado personal",CUB,66325909.0
"Química, salud y cuidado personal",DOM,388333035.0
"Química, salud y cuidado personal",GIN,504.0
"Química, salud y cuidado personal",GTM,751825260.0
"Química, salud y cuidado personal",HND,204923920.0
"Química, salud y cuidado personal",HTI,49480667.0
"Química, salud y cuidado personal",JAM,46498330.0
"Química, salud y cuidado personal",LBR,61723.0
"Química, salud y cuidado personal",MEX,5009512429.0
"Química, salud y cuidado personal",MRT,22833.0
"Química, salud y cuidado personal",NIC,157823444.0
"Química, salud y cuidado personal",PAN,273749474.0
"Química, salud y cuidado personal",PER,967120036.0
"Química, salud y cuidado personal",PRY,287333476.0
"Química, salud y cuidado personal",SEN,22221.0
"Química, salud y cuidado personal",SLV,363283733.0
"Química, salud y cuidado personal",TTO,71189527.0
"Química, salud y cuidado personal",URY,70288350.0
"Química, salud y cuidado personal",USA,22656745137.0
"Química, salud y cuidado personal",VEN,341128424.0
"Textiles, confección y muebles",ARG,445087404.0
"Textiles, confección y muebles",BOL,66975258.0
"Textiles, confección y muebles",BRA,1369247238.0
"Textiles, confección y muebles",CAN,6315077080.0
"Textiles, confección y muebles",CHL,533981916.0
"Textiles, confección y muebles",COL,721337531.0
"Textiles, confección y muebles",CRI,226628067.0
"Textiles, confección y muebles",CUB,19787376.0
"Textiles, confección y muebles",DOM,428175304.0
"Textiles, confección y muebles",GTM,423950404.0
"Textiles, confección y muebles",HND,518520940.0
"Textiles, confección y muebles",HTI,50149086.0
"Textiles, confección y muebles",JAM,90929115.0
"Textiles, confección y muebles",MEX,4112327069.0
"Textiles, confección y muebles",NIC,595090286.0
"Textiles, confección y muebles",PAN,196064279.0
"Textiles, confección y muebles",PER,473989141.0
"Textiles, confección y muebles",PRY,126799377.0
"Textiles, confección y muebles",SLV,338579665.0
"Textiles, confección y muebles",TTO,52893479.0
"Textiles, confección y muebles",URY,169739726.0
"Textiles, confección y muebles",USA,55031533670.0
"Textiles, confección y muebles",VEN,190746936.0
